ActivityID,ActivityName
a91fbdd2-98ee-11e9-a329-0028f8be90af,Clay_Placement_S01_B01
a91fbdd3-98ee-11e9-be9c-0028f8be90af,Clay_Placement_S01_B02
a91fbdd4-98ee-11e9-8ac2-0028f8be90af,Clay_Placement_S02_B01
a91fbdd5-98ee-11e9-b2d3-0028f8be90af,Clay_Placement_S02_B02
a91fbdd6-98ee-11e9-861c-0028f8be90af,Clay_Placement_S03_B01
a91fbdd7-98ee-11e9-b22c-0028f8be90af,Clay_Placement_S03_B02
a91fbdd8-98ee-11e9-ab66-0028f8be90af,Clay_Placement_S04_B01
a91fbdd9-98ee-11e9-bb39-0028f8be90af,Clay_Placement_S04_B02
a91fbdda-98ee-11e9-8c9e-0028f8be90af,Clay_Placement_S05_B01
a91fbddb-98ee-11e9-b1c1-0028f8be90af,Clay_Placement_S05_B02
a91fbddc-98ee-11e9-b4eb-0028f8be90af,Clay_Placement_S06_B01
a91fbddd-98ee-11e9-8af2-0028f8be90af,Clay_Placement_S06_B02
a91fbdde-98ee-11e9-836a-0028f8be90af,Clay_Placement_S07_B01
a91fbddf-98ee-11e9-a039-0028f8be90af,Clay_Placement_S07_B02
a91fbde0-98ee-11e9-b2f8-0028f8be90af,Clay_Placement_S08_B01
a91fbde1-98ee-11e9-8dfc-0028f8be90af,Clay_Placement_S08_B02
a91fbde2-98ee-11e9-aaa5-0028f8be90af,Clay_Placement_S09_B01
a91fbde3-98ee-11e9-8890-0028f8be90af,Clay_Placement_S09_B02
a91fbde4-98ee-11e9-8be2-0028f8be90af,Clay_Placement_S10_B01
a91fbde5-98ee-11e9-9ebd-0028f8be90af,Clay_Placement_S10_B02
a91fbde6-98ee-11e9-a668-0028f8be90af,Clay_Placement_S11_B01
a91fbde7-98ee-11e9-8794-0028f8be90af,Clay_Placement_S11_B02
a91fbde8-98ee-11e9-a1fb-0028f8be90af,Clay_Placement_S12_B01
a91fbde9-98ee-11e9-9674-0028f8be90af,Clay_Placement_S12_B02
a91fe4d2-98ee-11e9-b25f-0028f8be90af,Clay_Placement_S13_B01
a91fe4d3-98ee-11e9-a172-0028f8be90af,Clay_Placement_S13_B02
a91fe4d4-98ee-11e9-8b78-0028f8be90af,Clay_Placement_S14_B01
a91fe4d5-98ee-11e9-93a6-0028f8be90af,Clay_Placement_S14_B02
a91fe4d6-98ee-11e9-ab2a-0028f8be90af,Clay_Placement_S15_B01
a91fe4d7-98ee-11e9-96e9-0028f8be90af,Clay_Placement_S15_B02
a91fe4d8-98ee-11e9-b1a7-0028f8be90af,Clay_Placement_S16_B01
a91fe4d9-98ee-11e9-adc3-0028f8be90af,Clay_Placement_S16_B02
a91fe4da-98ee-11e9-9be2-0028f8be90af,Clay_Placement_S17_B01
a91fe4db-98ee-11e9-b8a9-0028f8be90af,Clay_Placement_S17_B02
a91fe4dc-98ee-11e9-a250-0028f8be90af,Clay_Placement_S18_B01
a91fe4dd-98ee-11e9-b540-0028f8be90af,Clay_Placement_S18_B02
a91fe4de-98ee-11e9-add6-0028f8be90af,Clay_Placement_S19_B01
a91fe4df-98ee-11e9-be7d-0028f8be90af,Clay_Placement_S19_B02
a91fe4e0-98ee-11e9-af54-0028f8be90af,Clay_Placement_S20_B01
a91fe4e1-98ee-11e9-aa03-0028f8be90af,Clay_Placement_S20_B02
a9214482-98ee-11e9-a775-0028f8be90af,Sand_Placement_S01
a9214483-98ee-11e9-a029-0028f8be90af,Sand_Placement_S02
a9214484-98ee-11e9-8342-0028f8be90af,Sand_Placement_S03
a9214485-98ee-11e9-ae16-0028f8be90af,Sand_Placement_S04
a9214486-98ee-11e9-a862-0028f8be90af,Sand_Placement_S05
a9214487-98ee-11e9-b67c-0028f8be90af,Sand_Placement_S06
a9214488-98ee-11e9-a55c-0028f8be90af,Sand_Placement_S07
a9214489-98ee-11e9-ab27-0028f8be90af,Sand_Placement_S08
a921448a-98ee-11e9-8a2d-0028f8be90af,Sand_Placement_S09
a921448b-98ee-11e9-a130-0028f8be90af,Sand_Placement_S10
a921448c-98ee-11e9-96e0-0028f8be90af,Sand_Placement_S11
a921448d-98ee-11e9-9232-0028f8be90af,Sand_Placement_S12
a921448e-98ee-11e9-8b9c-0028f8be90af,Sand_Placement_S13
a921448f-98ee-11e9-b0b9-0028f8be90af,Sand_Placement_S14
a9214490-98ee-11e9-b321-0028f8be90af,Sand_Placement_S15
a9214491-98ee-11e9-bc27-0028f8be90af,Sand_Placement_S16
a9214492-98ee-11e9-aa01-0028f8be90af,Sand_Placement_S17
a9214493-98ee-11e9-a3eb-0028f8be90af,Sand_Placement_S18
a9216ba6-98ee-11e9-b374-0028f8be90af,Sand_Placement_S19
a9216ba7-98ee-11e9-b1f8-0028f8be90af,Sand_Placement_S20
a923192e-98ee-11e9-92eb-0028f8be90af,Armour_Placement_S01_B01
a923192f-98ee-11e9-9822-0028f8be90af,Armour_Placement_S02_B01
a923405a-98ee-11e9-aaae-0028f8be90af,Armour_Placement_S03_B01
a923405b-98ee-11e9-abda-0028f8be90af,Armour_Placement_S04_B01
a923405c-98ee-11e9-bc8a-0028f8be90af,Armour_Placement_S05_B01
a923405d-98ee-11e9-9313-0028f8be90af,Armour_Placement_S06_B01
a923405e-98ee-11e9-86b3-0028f8be90af,Armour_Placement_S07_B01
a923405f-98ee-11e9-9d57-0028f8be90af,Armour_Placement_S08_B01
a9234060-98ee-11e9-bb18-0028f8be90af,Armour_Placement_S09_B01
a9234061-98ee-11e9-aa6e-0028f8be90af,Armour_Placement_S10_B01
a9234062-98ee-11e9-aac0-0028f8be90af,Armour_Placement_S11_B01
a9234063-98ee-11e9-9516-0028f8be90af,Armour_Placement_S12_B01
a9234064-98ee-11e9-8137-0028f8be90af,Armour_Placement_S13_B01
a9234065-98ee-11e9-be2e-0028f8be90af,Armour_Placement_S14_B01
a9234066-98ee-11e9-b71b-0028f8be90af,Armour_Placement_S15_B01
a9234067-98ee-11e9-b6dd-0028f8be90af,Armour_Placement_S16_B01
a9234068-98ee-11e9-baac-0028f8be90af,Armour_Placement_S17_B01
a9234069-98ee-11e9-bbaf-0028f8be90af,Armour_Placement_S18_B01
a923406a-98ee-11e9-9eed-0028f8be90af,Armour_Placement_S19_B01
a923406b-98ee-11e9-ac0d-0028f8be90af,Armour_Placement_S20_B01
a923406c-98ee-11e9-b462-0028f8be90af,Armour_Placement_S01_B02
a923406d-98ee-11e9-829f-0028f8be90af,Armour_Placement_S02_B02
a923406e-98ee-11e9-9cfb-0028f8be90af,Armour_Placement_S03_B02
a923406f-98ee-11e9-9ca3-0028f8be90af,Armour_Placement_S04_B02
a9234070-98ee-11e9-b0c1-0028f8be90af,Armour_Placement_S05_B02
a9234071-98ee-11e9-a911-0028f8be90af,Armour_Placement_S06_B02
a9234072-98ee-11e9-be8c-0028f8be90af,Armour_Placement_S07_B02
a9234073-98ee-11e9-985c-0028f8be90af,Armour_Placement_S08_B02
a9234074-98ee-11e9-8630-0028f8be90af,Armour_Placement_S09_B02
a9234075-98ee-11e9-baa3-0028f8be90af,Armour_Placement_S10_B02
a9234076-98ee-11e9-9abf-0028f8be90af,Armour_Placement_S11_B02
a9234077-98ee-11e9-b800-0028f8be90af,Armour_Placement_S12_B02
a9234078-98ee-11e9-bd1c-0028f8be90af,Armour_Placement_S13_B02
a9234079-98ee-11e9-b34d-0028f8be90af,Armour_Placement_S14_B02
a923675e-98ee-11e9-974f-0028f8be90af,Armour_Placement_S15_B02
a923675f-98ee-11e9-afdf-0028f8be90af,Armour_Placement_S16_B02
a9236760-98ee-11e9-97f0-0028f8be90af,Armour_Placement_S17_B02
a9236761-98ee-11e9-bef6-0028f8be90af,Armour_Placement_S18_B02
a9236762-98ee-11e9-9415-0028f8be90af,Armour_Placement_S19_B02
a9236763-98ee-11e9-8c14-0028f8be90af,Armour_Placement_S20_B02
a9236764-98ee-11e9-ab53-0028f8be90af,Levvel_Placement_S01_B01
a9236765-98ee-11e9-abd9-0028f8be90af,Levvel_Placement_S02_B01
a9236766-98ee-11e9-80ea-0028f8be90af,Levvel_Placement_S03_B01
a9236767-98ee-11e9-af1a-0028f8be90af,Levvel_Placement_S04_B01
a9236768-98ee-11e9-9ffe-0028f8be90af,Levvel_Placement_S05_B01
a9236769-98ee-11e9-b82c-0028f8be90af,Levvel_Placement_S06_B01
a923676a-98ee-11e9-84fc-0028f8be90af,Levvel_Placement_S07_B01
a923676b-98ee-11e9-85b8-0028f8be90af,Levvel_Placement_S08_B01
a923676c-98ee-11e9-af98-0028f8be90af,Levvel_Placement_S09_B01
a923676d-98ee-11e9-a537-0028f8be90af,Levvel_Placement_S10_B01
a923676e-98ee-11e9-874b-0028f8be90af,Levvel_Placement_S11_B01
a923676f-98ee-11e9-be3c-0028f8be90af,Levvel_Placement_S12_B01
a9236770-98ee-11e9-b58e-0028f8be90af,Levvel_Placement_S13_B01
a9236771-98ee-11e9-b2ed-0028f8be90af,Levvel_Placement_S14_B01
a9236772-98ee-11e9-aedb-0028f8be90af,Levvel_Placement_S15_B01
a9236773-98ee-11e9-8680-0028f8be90af,Levvel_Placement_S16_B01
a9236774-98ee-11e9-8157-0028f8be90af,Levvel_Placement_S17_B01
a9238e64-98ee-11e9-8fd3-0028f8be90af,Levvel_Placement_S18_B01
a9238e65-98ee-11e9-a434-0028f8be90af,Levvel_Placement_S19_B01
a9238e66-98ee-11e9-a645-0028f8be90af,Levvel_Placement_S20_B01
a9238e67-98ee-11e9-9ff7-0028f8be90af,Levvel_Placement_S01_B02
a9238e68-98ee-11e9-a20f-0028f8be90af,Levvel_Placement_S02_B02
a9238e69-98ee-11e9-9e52-0028f8be90af,Levvel_Placement_S03_B02
a9238e6a-98ee-11e9-b9e3-0028f8be90af,Levvel_Placement_S04_B02
a9238e6b-98ee-11e9-8a99-0028f8be90af,Levvel_Placement_S05_B02
a9238e6c-98ee-11e9-b227-0028f8be90af,Levvel_Placement_S06_B02
a9238e6d-98ee-11e9-84ef-0028f8be90af,Levvel_Placement_S07_B02
a9238e6e-98ee-11e9-9a41-0028f8be90af,Levvel_Placement_S08_B02
a9238e6f-98ee-11e9-9905-0028f8be90af,Levvel_Placement_S09_B02
a9238e70-98ee-11e9-a8a2-0028f8be90af,Levvel_Placement_S10_B02
a9238e71-98ee-11e9-9561-0028f8be90af,Levvel_Placement_S11_B02
a9238e72-98ee-11e9-8ac7-0028f8be90af,Levvel_Placement_S12_B02
a9238e73-98ee-11e9-ac34-0028f8be90af,Levvel_Placement_S13_B02
a9238e74-98ee-11e9-9feb-0028f8be90af,Levvel_Placement_S14_B02
a9238e75-98ee-11e9-88ad-0028f8be90af,Levvel_Placement_S15_B02
a9238e76-98ee-11e9-9121-0028f8be90af,Levvel_Placement_S16_B02
a9238e77-98ee-11e9-be61-0028f8be90af,Levvel_Placement_S17_B02
a9238e78-98ee-11e9-8f40-0028f8be90af,Levvel_Placement_S18_B02
a9238e79-98ee-11e9-b648-0028f8be90af,Levvel_Placement_S19_B02
a9238e7a-98ee-11e9-af0b-0028f8be90af,Levvel_Placement_S20_B02
e221b780-98ee-11e9-9133-0028f8be90af,Clay_Placement_S01_B01
e221deae-98ee-11e9-9f10-0028f8be90af,Clay_Placement_S01_B02
e221deaf-98ee-11e9-97b0-0028f8be90af,Clay_Placement_S02_B01
e221deb0-98ee-11e9-84ad-0028f8be90af,Clay_Placement_S02_B02
e221deb1-98ee-11e9-9543-0028f8be90af,Clay_Placement_S03_B01
e221deb2-98ee-11e9-aefd-0028f8be90af,Clay_Placement_S03_B02
e221deb3-98ee-11e9-9f1e-0028f8be90af,Clay_Placement_S04_B01
e221deb4-98ee-11e9-a310-0028f8be90af,Clay_Placement_S04_B02
e221deb5-98ee-11e9-b983-0028f8be90af,Clay_Placement_S05_B01
e221deb6-98ee-11e9-8c5b-0028f8be90af,Clay_Placement_S05_B02
e221deb7-98ee-11e9-93d5-0028f8be90af,Clay_Placement_S06_B01
e221deb8-98ee-11e9-bb7d-0028f8be90af,Clay_Placement_S06_B02
e221deb9-98ee-11e9-b8d1-0028f8be90af,Clay_Placement_S07_B01
e221deba-98ee-11e9-a9af-0028f8be90af,Clay_Placement_S07_B02
e221debb-98ee-11e9-9035-0028f8be90af,Clay_Placement_S08_B01
e221debc-98ee-11e9-bfc7-0028f8be90af,Clay_Placement_S08_B02
e221debd-98ee-11e9-98b6-0028f8be90af,Clay_Placement_S09_B01
e22205d4-98ee-11e9-bf3d-0028f8be90af,Clay_Placement_S09_B02
e22205d5-98ee-11e9-9919-0028f8be90af,Clay_Placement_S10_B01
e22205d6-98ee-11e9-b3dc-0028f8be90af,Clay_Placement_S10_B02
e22205d7-98ee-11e9-b3fe-0028f8be90af,Clay_Placement_S11_B01
e22205d8-98ee-11e9-972f-0028f8be90af,Clay_Placement_S11_B02
e22205d9-98ee-11e9-b1ad-0028f8be90af,Clay_Placement_S12_B01
e22205da-98ee-11e9-b4a9-0028f8be90af,Clay_Placement_S12_B02
e22205db-98ee-11e9-aef6-0028f8be90af,Clay_Placement_S13_B01
e22205dc-98ee-11e9-8350-0028f8be90af,Clay_Placement_S13_B02
e22205dd-98ee-11e9-a768-0028f8be90af,Clay_Placement_S14_B01
e22205de-98ee-11e9-8540-0028f8be90af,Clay_Placement_S14_B02
e22205df-98ee-11e9-a8d1-0028f8be90af,Clay_Placement_S15_B01
e22205e0-98ee-11e9-a878-0028f8be90af,Clay_Placement_S15_B02
e22205e1-98ee-11e9-ac2f-0028f8be90af,Clay_Placement_S16_B01
e22205e2-98ee-11e9-988a-0028f8be90af,Clay_Placement_S16_B02
e22205e3-98ee-11e9-83aa-0028f8be90af,Clay_Placement_S17_B01
e22205e4-98ee-11e9-948a-0028f8be90af,Clay_Placement_S17_B02
e22205e5-98ee-11e9-b303-0028f8be90af,Clay_Placement_S18_B01
e22205e6-98ee-11e9-833e-0028f8be90af,Clay_Placement_S18_B02
e2222cd2-98ee-11e9-a3d1-0028f8be90af,Clay_Placement_S19_B01
e2222cd3-98ee-11e9-8b59-0028f8be90af,Clay_Placement_S19_B02
e2222cd4-98ee-11e9-b2c1-0028f8be90af,Clay_Placement_S20_B01
e2222cd5-98ee-11e9-affd-0028f8be90af,Clay_Placement_S20_B02
e224285e-98ee-11e9-a386-0028f8be90af,Sand_Placement_S01
e224285f-98ee-11e9-b880-0028f8be90af,Sand_Placement_S02
e2242860-98ee-11e9-b431-0028f8be90af,Sand_Placement_S03
e2242861-98ee-11e9-b303-0028f8be90af,Sand_Placement_S04
e2242862-98ee-11e9-8dbc-0028f8be90af,Sand_Placement_S05
e2242863-98ee-11e9-ae1c-0028f8be90af,Sand_Placement_S06
e2242864-98ee-11e9-a68f-0028f8be90af,Sand_Placement_S07
e2242865-98ee-11e9-a72d-0028f8be90af,Sand_Placement_S08
e2242866-98ee-11e9-9174-0028f8be90af,Sand_Placement_S09
e2244f86-98ee-11e9-80f0-0028f8be90af,Sand_Placement_S10
e2244f87-98ee-11e9-bc0e-0028f8be90af,Sand_Placement_S11
e2244f88-98ee-11e9-a5ae-0028f8be90af,Sand_Placement_S12
e2244f89-98ee-11e9-9fec-0028f8be90af,Sand_Placement_S13
e2244f8a-98ee-11e9-97e8-0028f8be90af,Sand_Placement_S14
e2244f8b-98ee-11e9-a54f-0028f8be90af,Sand_Placement_S15
e2244f8c-98ee-11e9-b76f-0028f8be90af,Sand_Placement_S16
e2244f8d-98ee-11e9-aab6-0028f8be90af,Sand_Placement_S17
e2244f8e-98ee-11e9-985e-0028f8be90af,Sand_Placement_S18
e2244f8f-98ee-11e9-93c9-0028f8be90af,Sand_Placement_S19
e2244f90-98ee-11e9-b179-0028f8be90af,Sand_Placement_S20
e226c08a-98ee-11e9-904f-0028f8be90af,Armour_Placement_S01_B01
e226c08b-98ee-11e9-84f1-0028f8be90af,Armour_Placement_S02_B01
e226e7b4-98ee-11e9-8c04-0028f8be90af,Armour_Placement_S03_B01
e226e7b5-98ee-11e9-b91d-0028f8be90af,Armour_Placement_S04_B01
e226e7b6-98ee-11e9-a696-0028f8be90af,Armour_Placement_S05_B01
e226e7b7-98ee-11e9-bf71-0028f8be90af,Armour_Placement_S06_B01
e226e7b8-98ee-11e9-a149-0028f8be90af,Armour_Placement_S07_B01
e226e7b9-98ee-11e9-b647-0028f8be90af,Armour_Placement_S08_B01
e226e7ba-98ee-11e9-bc84-0028f8be90af,Armour_Placement_S09_B01
e226e7bb-98ee-11e9-976d-0028f8be90af,Armour_Placement_S10_B01
e226e7bc-98ee-11e9-b408-0028f8be90af,Armour_Placement_S11_B01
e226e7bd-98ee-11e9-875d-0028f8be90af,Armour_Placement_S12_B01
e226e7be-98ee-11e9-888a-0028f8be90af,Armour_Placement_S13_B01
e226e7bf-98ee-11e9-a43d-0028f8be90af,Armour_Placement_S14_B01
e226e7c0-98ee-11e9-8dfe-0028f8be90af,Armour_Placement_S15_B01
e226e7c1-98ee-11e9-896a-0028f8be90af,Armour_Placement_S16_B01
e226e7c2-98ee-11e9-87c4-0028f8be90af,Armour_Placement_S17_B01
e226e7c3-98ee-11e9-bc30-0028f8be90af,Armour_Placement_S18_B01
e226e7c4-98ee-11e9-8ace-0028f8be90af,Armour_Placement_S19_B01
e226e7c5-98ee-11e9-be06-0028f8be90af,Armour_Placement_S20_B01
e226e7c6-98ee-11e9-96a1-0028f8be90af,Armour_Placement_S01_B02
e226e7c7-98ee-11e9-80ac-0028f8be90af,Armour_Placement_S02_B02
e226e7c8-98ee-11e9-a242-0028f8be90af,Armour_Placement_S03_B02
e2270eba-98ee-11e9-a3f5-0028f8be90af,Armour_Placement_S04_B02
e2270ebb-98ee-11e9-8a04-0028f8be90af,Armour_Placement_S05_B02
e2270ebc-98ee-11e9-a320-0028f8be90af,Armour_Placement_S06_B02
e2270ebd-98ee-11e9-8144-0028f8be90af,Armour_Placement_S07_B02
e2270ebe-98ee-11e9-9720-0028f8be90af,Armour_Placement_S08_B02
e2270ebf-98ee-11e9-b917-0028f8be90af,Armour_Placement_S09_B02
e2270ec0-98ee-11e9-b67e-0028f8be90af,Armour_Placement_S10_B02
e2270ec1-98ee-11e9-b0db-0028f8be90af,Armour_Placement_S11_B02
e2270ec2-98ee-11e9-baac-0028f8be90af,Armour_Placement_S12_B02
e2270ec3-98ee-11e9-850d-0028f8be90af,Armour_Placement_S13_B02
e2270ec4-98ee-11e9-9fbb-0028f8be90af,Armour_Placement_S14_B02
e2270ec5-98ee-11e9-b4bd-0028f8be90af,Armour_Placement_S15_B02
e2270ec6-98ee-11e9-ab92-0028f8be90af,Armour_Placement_S16_B02
e2270ec7-98ee-11e9-b6b2-0028f8be90af,Armour_Placement_S17_B02
e2270ec8-98ee-11e9-99f9-0028f8be90af,Armour_Placement_S18_B02
e2270ec9-98ee-11e9-9dac-0028f8be90af,Armour_Placement_S19_B02
e2270eca-98ee-11e9-a32b-0028f8be90af,Armour_Placement_S20_B02
e2270ecb-98ee-11e9-b4f4-0028f8be90af,Levvel_Placement_S01_B01
e2270ecc-98ee-11e9-aafd-0028f8be90af,Levvel_Placement_S02_B01
e2270ecd-98ee-11e9-8675-0028f8be90af,Levvel_Placement_S03_B01
e2270ece-98ee-11e9-9ee9-0028f8be90af,Levvel_Placement_S04_B01
e2270ecf-98ee-11e9-ac3e-0028f8be90af,Levvel_Placement_S05_B01
e2270ed0-98ee-11e9-a0d3-0028f8be90af,Levvel_Placement_S06_B01
e2270ed1-98ee-11e9-b24a-0028f8be90af,Levvel_Placement_S07_B01
e2270ed2-98ee-11e9-bdbe-0028f8be90af,Levvel_Placement_S08_B01
e2270ed3-98ee-11e9-b255-0028f8be90af,Levvel_Placement_S09_B01
e2270ed4-98ee-11e9-962b-0028f8be90af,Levvel_Placement_S10_B01
e2270ed5-98ee-11e9-b5b4-0028f8be90af,Levvel_Placement_S11_B01
e22735d2-98ee-11e9-af84-0028f8be90af,Levvel_Placement_S12_B01
e22735d3-98ee-11e9-94a5-0028f8be90af,Levvel_Placement_S13_B01
e22735d4-98ee-11e9-8c06-0028f8be90af,Levvel_Placement_S14_B01
e22735d5-98ee-11e9-bca4-0028f8be90af,Levvel_Placement_S15_B01
e22735d6-98ee-11e9-b20a-0028f8be90af,Levvel_Placement_S16_B01
e22735d7-98ee-11e9-a733-0028f8be90af,Levvel_Placement_S17_B01
e22735d8-98ee-11e9-b77c-0028f8be90af,Levvel_Placement_S18_B01
e22735d9-98ee-11e9-b4a1-0028f8be90af,Levvel_Placement_S19_B01
e22735da-98ee-11e9-abd2-0028f8be90af,Levvel_Placement_S20_B01
e22735db-98ee-11e9-b5ad-0028f8be90af,Levvel_Placement_S01_B02
e22735dc-98ee-11e9-9be9-0028f8be90af,Levvel_Placement_S02_B02
e22735dd-98ee-11e9-8a01-0028f8be90af,Levvel_Placement_S03_B02
e22735de-98ee-11e9-9612-0028f8be90af,Levvel_Placement_S04_B02
e22735df-98ee-11e9-bb9a-0028f8be90af,Levvel_Placement_S05_B02
e22735e0-98ee-11e9-8268-0028f8be90af,Levvel_Placement_S06_B02
e2275cd4-98ee-11e9-a19a-0028f8be90af,Levvel_Placement_S07_B02
e2275cd5-98ee-11e9-9f3c-0028f8be90af,Levvel_Placement_S08_B02
e2275cd6-98ee-11e9-9c8e-0028f8be90af,Levvel_Placement_S09_B02
e2275cd7-98ee-11e9-bd88-0028f8be90af,Levvel_Placement_S10_B02
e2275cd8-98ee-11e9-888c-0028f8be90af,Levvel_Placement_S11_B02
e2275cd9-98ee-11e9-8699-0028f8be90af,Levvel_Placement_S12_B02
e2275cda-98ee-11e9-8b02-0028f8be90af,Levvel_Placement_S13_B02
e2275cdb-98ee-11e9-a824-0028f8be90af,Levvel_Placement_S14_B02
e2275cdc-98ee-11e9-b28a-0028f8be90af,Levvel_Placement_S15_B02
e2275cdd-98ee-11e9-8534-0028f8be90af,Levvel_Placement_S16_B02
e22783e8-98ee-11e9-93cd-0028f8be90af,Levvel_Placement_S17_B02
e22783e9-98ee-11e9-9bcd-0028f8be90af,Levvel_Placement_S18_B02
e22783ea-98ee-11e9-a13a-0028f8be90af,Levvel_Placement_S19_B02
e22783eb-98ee-11e9-bd23-0028f8be90af,Levvel_Placement_S20_B02
b6d86646-98ef-11e9-b4fc-0028f8be90af,Clay_Placement_S01_B01
b6d86647-98ef-11e9-88a9-0028f8be90af,Clay_Placement_S01_B02
b6d86648-98ef-11e9-9cf5-0028f8be90af,Clay_Placement_S02_B01
b6d86649-98ef-11e9-813a-0028f8be90af,Clay_Placement_S02_B02
b6d8664a-98ef-11e9-9de7-0028f8be90af,Clay_Placement_S03_B01
b6d8664b-98ef-11e9-886d-0028f8be90af,Clay_Placement_S03_B02
b6d8664c-98ef-11e9-a003-0028f8be90af,Clay_Placement_S04_B01
b6d8664d-98ef-11e9-ab21-0028f8be90af,Clay_Placement_S04_B02
b6d8664e-98ef-11e9-acab-0028f8be90af,Clay_Placement_S05_B01
b6d88d66-98ef-11e9-a9fd-0028f8be90af,Clay_Placement_S05_B02
b6d88d67-98ef-11e9-8ea3-0028f8be90af,Clay_Placement_S06_B01
b6d88d68-98ef-11e9-aaef-0028f8be90af,Clay_Placement_S06_B02
b6d88d69-98ef-11e9-819f-0028f8be90af,Clay_Placement_S07_B01
b6d88d6a-98ef-11e9-abd2-0028f8be90af,Clay_Placement_S07_B02
b6d88d6b-98ef-11e9-9004-0028f8be90af,Clay_Placement_S08_B01
b6d88d6c-98ef-11e9-9c4d-0028f8be90af,Clay_Placement_S08_B02
b6d88d6d-98ef-11e9-9704-0028f8be90af,Clay_Placement_S09_B01
b6d88d6e-98ef-11e9-a844-0028f8be90af,Clay_Placement_S09_B02
b6d88d6f-98ef-11e9-ae6b-0028f8be90af,Clay_Placement_S10_B01
b6d88d70-98ef-11e9-8572-0028f8be90af,Clay_Placement_S10_B02
b6d88d71-98ef-11e9-a0f0-0028f8be90af,Clay_Placement_S11_B01
b6d88d72-98ef-11e9-b806-0028f8be90af,Clay_Placement_S11_B02
b6d88d73-98ef-11e9-a0ad-0028f8be90af,Clay_Placement_S12_B01
b6d88d74-98ef-11e9-9d9f-0028f8be90af,Clay_Placement_S12_B02
b6d88d75-98ef-11e9-814a-0028f8be90af,Clay_Placement_S13_B01
b6d88d76-98ef-11e9-8071-0028f8be90af,Clay_Placement_S13_B02
b6d88d77-98ef-11e9-b9cf-0028f8be90af,Clay_Placement_S14_B01
b6d88d78-98ef-11e9-b33e-0028f8be90af,Clay_Placement_S14_B02
b6d88d79-98ef-11e9-be3d-0028f8be90af,Clay_Placement_S15_B01
b6d88d7a-98ef-11e9-846b-0028f8be90af,Clay_Placement_S15_B02
b6d88d7b-98ef-11e9-a9f6-0028f8be90af,Clay_Placement_S16_B01
b6d88d7c-98ef-11e9-a361-0028f8be90af,Clay_Placement_S16_B02
b6d88d7d-98ef-11e9-a8e6-0028f8be90af,Clay_Placement_S17_B01
b6d88d7e-98ef-11e9-a218-0028f8be90af,Clay_Placement_S17_B02
b6d88d7f-98ef-11e9-8d17-0028f8be90af,Clay_Placement_S18_B01
b6d88d80-98ef-11e9-957f-0028f8be90af,Clay_Placement_S18_B02
b6d88d81-98ef-11e9-a8f9-0028f8be90af,Clay_Placement_S19_B01
b6d88d82-98ef-11e9-ab48-0028f8be90af,Clay_Placement_S19_B02
b6d88d83-98ef-11e9-a36f-0028f8be90af,Clay_Placement_S20_B01
b6d88d84-98ef-11e9-a58d-0028f8be90af,Clay_Placement_S20_B02
b6dad768-98ef-11e9-b417-0028f8be90af,Sand_Placement_S01
b6dad769-98ef-11e9-83fe-0028f8be90af,Sand_Placement_S02
b6dad76a-98ef-11e9-abe3-0028f8be90af,Sand_Placement_S03
b6dad76b-98ef-11e9-81e7-0028f8be90af,Sand_Placement_S04
b6dad76c-98ef-11e9-9d20-0028f8be90af,Sand_Placement_S05
b6dad76d-98ef-11e9-854b-0028f8be90af,Sand_Placement_S06
b6dad76e-98ef-11e9-be36-0028f8be90af,Sand_Placement_S07
b6dad76f-98ef-11e9-805a-0028f8be90af,Sand_Placement_S08
b6dad770-98ef-11e9-a1f4-0028f8be90af,Sand_Placement_S09
b6dad771-98ef-11e9-90ec-0028f8be90af,Sand_Placement_S10
b6dad772-98ef-11e9-8b33-0028f8be90af,Sand_Placement_S11
b6dad773-98ef-11e9-ad4d-0028f8be90af,Sand_Placement_S12
b6dad774-98ef-11e9-a84f-0028f8be90af,Sand_Placement_S13
b6dad775-98ef-11e9-811d-0028f8be90af,Sand_Placement_S14
b6dafe54-98ef-11e9-9048-0028f8be90af,Sand_Placement_S15
b6dafe55-98ef-11e9-994a-0028f8be90af,Sand_Placement_S16
b6dafe56-98ef-11e9-8990-0028f8be90af,Sand_Placement_S17
b6dafe57-98ef-11e9-9abe-0028f8be90af,Sand_Placement_S18
b6dafe58-98ef-11e9-ae3d-0028f8be90af,Sand_Placement_S19
b6dafe59-98ef-11e9-8bf9-0028f8be90af,Sand_Placement_S20
b6de0b8c-98ef-11e9-9172-0028f8be90af,Armour_Placement_S01_B01
b6de0b8d-98ef-11e9-a300-0028f8be90af,Armour_Placement_S02_B01
b6de0b8e-98ef-11e9-866f-0028f8be90af,Armour_Placement_S03_B01
b6de0b8f-98ef-11e9-9900-0028f8be90af,Armour_Placement_S04_B01
b6de0b90-98ef-11e9-a07c-0028f8be90af,Armour_Placement_S05_B01
b6de32c2-98ef-11e9-84a3-0028f8be90af,Armour_Placement_S06_B01
b6de32c3-98ef-11e9-9b7c-0028f8be90af,Armour_Placement_S07_B01
b6de32c4-98ef-11e9-8e00-0028f8be90af,Armour_Placement_S08_B01
b6de32c5-98ef-11e9-9eb0-0028f8be90af,Armour_Placement_S09_B01
b6de32c6-98ef-11e9-a9fe-0028f8be90af,Armour_Placement_S10_B01
b6de32c7-98ef-11e9-866f-0028f8be90af,Armour_Placement_S11_B01
b6de32c8-98ef-11e9-8a2e-0028f8be90af,Armour_Placement_S12_B01
b6de32c9-98ef-11e9-a758-0028f8be90af,Armour_Placement_S13_B01
b6de32ca-98ef-11e9-8997-0028f8be90af,Armour_Placement_S14_B01
b6de32cb-98ef-11e9-bfbc-0028f8be90af,Armour_Placement_S15_B01
b6de32cc-98ef-11e9-9ea1-0028f8be90af,Armour_Placement_S16_B01
b6de32cd-98ef-11e9-b756-0028f8be90af,Armour_Placement_S17_B01
b6de32ce-98ef-11e9-a670-0028f8be90af,Armour_Placement_S18_B01
b6de32cf-98ef-11e9-b2a7-0028f8be90af,Armour_Placement_S19_B01
b6de32d0-98ef-11e9-98f1-0028f8be90af,Armour_Placement_S20_B01
b6de32d1-98ef-11e9-b358-0028f8be90af,Armour_Placement_S01_B02
b6de59ae-98ef-11e9-845d-0028f8be90af,Armour_Placement_S02_B02
b6de59af-98ef-11e9-b9bd-0028f8be90af,Armour_Placement_S03_B02
b6de59b0-98ef-11e9-9f1d-0028f8be90af,Armour_Placement_S04_B02
b6de59b1-98ef-11e9-9a12-0028f8be90af,Armour_Placement_S05_B02
b6de59b2-98ef-11e9-ae8c-0028f8be90af,Armour_Placement_S06_B02
b6de59b3-98ef-11e9-9564-0028f8be90af,Armour_Placement_S07_B02
b6de59b4-98ef-11e9-a3ca-0028f8be90af,Armour_Placement_S08_B02
b6de59b5-98ef-11e9-9e44-0028f8be90af,Armour_Placement_S09_B02
b6de59b6-98ef-11e9-9999-0028f8be90af,Armour_Placement_S10_B02
b6de59b7-98ef-11e9-b916-0028f8be90af,Armour_Placement_S11_B02
b6de59b8-98ef-11e9-9c80-0028f8be90af,Armour_Placement_S12_B02
b6de59b9-98ef-11e9-bbbd-0028f8be90af,Armour_Placement_S13_B02
b6de80ca-98ef-11e9-b148-0028f8be90af,Armour_Placement_S14_B02
b6de80cb-98ef-11e9-af29-0028f8be90af,Armour_Placement_S15_B02
b6de80cc-98ef-11e9-82a8-0028f8be90af,Armour_Placement_S16_B02
b6de80cd-98ef-11e9-beb0-0028f8be90af,Armour_Placement_S17_B02
b6de80ce-98ef-11e9-95dd-0028f8be90af,Armour_Placement_S18_B02
b6de80cf-98ef-11e9-b950-0028f8be90af,Armour_Placement_S19_B02
b6de80d0-98ef-11e9-a16a-0028f8be90af,Armour_Placement_S20_B02
b6de80d1-98ef-11e9-aa14-0028f8be90af,Levvel_Placement_S01_B01
b6de80d2-98ef-11e9-8a3b-0028f8be90af,Levvel_Placement_S02_B01
b6de80d3-98ef-11e9-b3a6-0028f8be90af,Levvel_Placement_S03_B01
b6de80d4-98ef-11e9-bddb-0028f8be90af,Levvel_Placement_S04_B01
b6de80d5-98ef-11e9-94c9-0028f8be90af,Levvel_Placement_S05_B01
b6dea7d4-98ef-11e9-bbe0-0028f8be90af,Levvel_Placement_S06_B01
b6dea7d5-98ef-11e9-ac87-0028f8be90af,Levvel_Placement_S07_B01
b6dea7d6-98ef-11e9-9f6f-0028f8be90af,Levvel_Placement_S08_B01
b6dea7d7-98ef-11e9-800d-0028f8be90af,Levvel_Placement_S09_B01
b6dea7d8-98ef-11e9-93ec-0028f8be90af,Levvel_Placement_S10_B01
b6dea7d9-98ef-11e9-a0c8-0028f8be90af,Levvel_Placement_S11_B01
b6decee6-98ef-11e9-8e3e-0028f8be90af,Levvel_Placement_S12_B01
b6decee7-98ef-11e9-a84a-0028f8be90af,Levvel_Placement_S13_B01
b6decee8-98ef-11e9-b878-0028f8be90af,Levvel_Placement_S14_B01
b6decee9-98ef-11e9-96ff-0028f8be90af,Levvel_Placement_S15_B01
b6def630-98ef-11e9-bb80-0028f8be90af,Levvel_Placement_S16_B01
b6def631-98ef-11e9-a9a6-0028f8be90af,Levvel_Placement_S17_B01
b6def632-98ef-11e9-bc49-0028f8be90af,Levvel_Placement_S18_B01
b6def633-98ef-11e9-a752-0028f8be90af,Levvel_Placement_S19_B01
b6def634-98ef-11e9-ba3e-0028f8be90af,Levvel_Placement_S20_B01
b6def635-98ef-11e9-89b7-0028f8be90af,Levvel_Placement_S01_B02
b6def636-98ef-11e9-8bd1-0028f8be90af,Levvel_Placement_S02_B02
b6def637-98ef-11e9-8b81-0028f8be90af,Levvel_Placement_S03_B02
b6def638-98ef-11e9-9f87-0028f8be90af,Levvel_Placement_S04_B02
b6def639-98ef-11e9-86f9-0028f8be90af,Levvel_Placement_S05_B02
b6def63a-98ef-11e9-9728-0028f8be90af,Levvel_Placement_S06_B02
b6def63b-98ef-11e9-9f27-0028f8be90af,Levvel_Placement_S07_B02
b6def63c-98ef-11e9-960b-0028f8be90af,Levvel_Placement_S08_B02
b6def63d-98ef-11e9-a586-0028f8be90af,Levvel_Placement_S09_B02
b6def63e-98ef-11e9-af15-0028f8be90af,Levvel_Placement_S10_B02
b6def63f-98ef-11e9-9624-0028f8be90af,Levvel_Placement_S11_B02
b6def640-98ef-11e9-a80f-0028f8be90af,Levvel_Placement_S12_B02
b6def641-98ef-11e9-88f5-0028f8be90af,Levvel_Placement_S13_B02
b6df1cf4-98ef-11e9-bc5e-0028f8be90af,Levvel_Placement_S14_B02
b6df1cf5-98ef-11e9-a97d-0028f8be90af,Levvel_Placement_S15_B02
b6df1cf6-98ef-11e9-bb7e-0028f8be90af,Levvel_Placement_S16_B02
b6df1cf7-98ef-11e9-839d-0028f8be90af,Levvel_Placement_S17_B02
b6df1cf8-98ef-11e9-80f8-0028f8be90af,Levvel_Placement_S18_B02
b6df1cf9-98ef-11e9-85d0-0028f8be90af,Levvel_Placement_S19_B02
b6df1cfa-98ef-11e9-ba04-0028f8be90af,Levvel_Placement_S20_B02
b72cc636-9910-11e9-8f62-0028f8be90af,Soil movement
07eb2a9c-9912-11e9-a71c-0028f8be90af,Clay_Placement_S01_B01
07eb2a9d-9912-11e9-be09-0028f8be90af,Clay_Placement_S01_B02
07eb2a9e-9912-11e9-9fc3-0028f8be90af,Clay_Placement_S02_B01
07eb2a9f-9912-11e9-9174-0028f8be90af,Clay_Placement_S02_B02
07eb2aa0-9912-11e9-a2e2-0028f8be90af,Clay_Placement_S03_B01
07eb2aa1-9912-11e9-9edf-0028f8be90af,Clay_Placement_S03_B02
07eb9fa2-9912-11e9-9411-0028f8be90af,Clay_Placement_S04_B01
07eba980-9912-11e9-b861-0028f8be90af,Clay_Placement_S04_B02
07eba981-9912-11e9-b2c0-0028f8be90af,Clay_Placement_S05_B01
07eba982-9912-11e9-9203-0028f8be90af,Clay_Placement_S05_B02
07eba983-9912-11e9-8c98-0028f8be90af,Clay_Placement_S06_B01
07eba984-9912-11e9-8658-0028f8be90af,Clay_Placement_S06_B02
07ebc6e2-9912-11e9-b6a2-0028f8be90af,Clay_Placement_S07_B01
07ebc6e3-9912-11e9-9494-0028f8be90af,Clay_Placement_S07_B02
07ebc6e4-9912-11e9-a5d6-0028f8be90af,Clay_Placement_S08_B01
07ebc6e5-9912-11e9-93e9-0028f8be90af,Clay_Placement_S08_B02
07ebc6e6-9912-11e9-b136-0028f8be90af,Clay_Placement_S09_B01
07ebc6e7-9912-11e9-8fd5-0028f8be90af,Clay_Placement_S09_B02
07ebc6e8-9912-11e9-90d1-0028f8be90af,Clay_Placement_S10_B01
07ebee00-9912-11e9-9d64-0028f8be90af,Clay_Placement_S10_B02
07ebee01-9912-11e9-b18b-0028f8be90af,Clay_Placement_S11_B01
07ebee02-9912-11e9-9dfe-0028f8be90af,Clay_Placement_S11_B02
07ebee03-9912-11e9-b6ce-0028f8be90af,Clay_Placement_S12_B01
07ebee04-9912-11e9-9e82-0028f8be90af,Clay_Placement_S12_B02
07ebee05-9912-11e9-b476-0028f8be90af,Clay_Placement_S13_B01
07ebee06-9912-11e9-871f-0028f8be90af,Clay_Placement_S13_B02
07ebee07-9912-11e9-88d7-0028f8be90af,Clay_Placement_S14_B01
07ebee08-9912-11e9-b50d-0028f8be90af,Clay_Placement_S14_B02
07ec14da-9912-11e9-9007-0028f8be90af,Clay_Placement_S15_B01
07ec14db-9912-11e9-8521-0028f8be90af,Clay_Placement_S15_B02
07ec1bda-9912-11e9-bdd1-0028f8be90af,Clay_Placement_S16_B01
07ec1bdb-9912-11e9-a40a-0028f8be90af,Clay_Placement_S16_B02
07ec1bdc-9912-11e9-a12c-0028f8be90af,Clay_Placement_S17_B01
07ec1bdd-9912-11e9-8452-0028f8be90af,Clay_Placement_S17_B02
07ec1bde-9912-11e9-932c-0028f8be90af,Clay_Placement_S18_B01
07ec1bdf-9912-11e9-8011-0028f8be90af,Clay_Placement_S18_B02
07ec1be0-9912-11e9-868a-0028f8be90af,Clay_Placement_S19_B01
07ec1be1-9912-11e9-93f6-0028f8be90af,Clay_Placement_S19_B02
07ec1be2-9912-11e9-a51c-0028f8be90af,Clay_Placement_S20_B01
07ec1be3-9912-11e9-a79d-0028f8be90af,Clay_Placement_S20_B02
07ef7052-9912-11e9-bc8f-0028f8be90af,Sand_Placement_S01
07ef7053-9912-11e9-88e6-0028f8be90af,Sand_Placement_S02
07ef7054-9912-11e9-8bda-0028f8be90af,Sand_Placement_S03
07ef7055-9912-11e9-bd32-0028f8be90af,Sand_Placement_S04
07ef7056-9912-11e9-90a8-0028f8be90af,Sand_Placement_S05
07ef7057-9912-11e9-8ec9-0028f8be90af,Sand_Placement_S06
07ef7058-9912-11e9-9d77-0028f8be90af,Sand_Placement_S07
07ef7059-9912-11e9-84df-0028f8be90af,Sand_Placement_S08
07ef705a-9912-11e9-a501-0028f8be90af,Sand_Placement_S09
07ef9790-9912-11e9-bf1b-0028f8be90af,Sand_Placement_S10
07ef9a92-9912-11e9-ad45-0028f8be90af,Sand_Placement_S11
07ef9a93-9912-11e9-a245-0028f8be90af,Sand_Placement_S12
07ef9a94-9912-11e9-953d-0028f8be90af,Sand_Placement_S13
07ef9a95-9912-11e9-ae19-0028f8be90af,Sand_Placement_S14
07ef9a96-9912-11e9-afe5-0028f8be90af,Sand_Placement_S15
07ef9a97-9912-11e9-8ffa-0028f8be90af,Sand_Placement_S16
07ef9a98-9912-11e9-8427-0028f8be90af,Sand_Placement_S17
07ef9a99-9912-11e9-9767-0028f8be90af,Sand_Placement_S18
07ef9a9a-9912-11e9-85fb-0028f8be90af,Sand_Placement_S19
07ef9a9b-9912-11e9-bfce-0028f8be90af,Sand_Placement_S20
07f563e2-9912-11e9-997f-0028f8be90af,Armour_Placement_S01_B01
07f563e3-9912-11e9-b2b3-0028f8be90af,Armour_Placement_S02_B01
07f58aee-9912-11e9-a025-0028f8be90af,Armour_Placement_S03_B01
07f58aef-9912-11e9-be03-0028f8be90af,Armour_Placement_S04_B01
07f58af0-9912-11e9-bb23-0028f8be90af,Armour_Placement_S05_B01
07f58af1-9912-11e9-95f8-0028f8be90af,Armour_Placement_S06_B01
07f60038-9912-11e9-ad12-0028f8be90af,Armour_Placement_S07_B01
07f60039-9912-11e9-a56c-0028f8be90af,Armour_Placement_S08_B01
07f6003a-9912-11e9-8e00-0028f8be90af,Armour_Placement_S09_B01
07f62722-9912-11e9-b019-0028f8be90af,Armour_Placement_S10_B01
07f62723-9912-11e9-b0d2-0028f8be90af,Armour_Placement_S11_B01
07f62724-9912-11e9-94c4-0028f8be90af,Armour_Placement_S12_B01
07f62725-9912-11e9-9906-0028f8be90af,Armour_Placement_S13_B01
07f62726-9912-11e9-94d3-0028f8be90af,Armour_Placement_S14_B01
07f65408-9912-11e9-aa56-0028f8be90af,Armour_Placement_S15_B01
07f65409-9912-11e9-9048-0028f8be90af,Armour_Placement_S16_B01
07f6540a-9912-11e9-bfc8-0028f8be90af,Armour_Placement_S17_B01
07f6540b-9912-11e9-bf1f-0028f8be90af,Armour_Placement_S18_B01
07f6540c-9912-11e9-8cd5-0028f8be90af,Armour_Placement_S19_B01
07f6540d-9912-11e9-bf0b-0028f8be90af,Armour_Placement_S20_B01
07f6540e-9912-11e9-a33d-0028f8be90af,Armour_Placement_S01_B02
07f6540f-9912-11e9-a8ae-0028f8be90af,Armour_Placement_S02_B02
07f65410-9912-11e9-9703-0028f8be90af,Armour_Placement_S03_B02
07f65411-9912-11e9-9246-0028f8be90af,Armour_Placement_S04_B02
07f65412-9912-11e9-8b28-0028f8be90af,Armour_Placement_S05_B02
07f65413-9912-11e9-a0d9-0028f8be90af,Armour_Placement_S06_B02
07f65414-9912-11e9-bbe9-0028f8be90af,Armour_Placement_S07_B02
07f6753a-9912-11e9-b056-0028f8be90af,Armour_Placement_S08_B02
07f6753b-9912-11e9-8a40-0028f8be90af,Armour_Placement_S09_B02
07f6753c-9912-11e9-b111-0028f8be90af,Armour_Placement_S10_B02
07f6753d-9912-11e9-b9bd-0028f8be90af,Armour_Placement_S11_B02
07f6753e-9912-11e9-bfc0-0028f8be90af,Armour_Placement_S12_B02
07f6753f-9912-11e9-8117-0028f8be90af,Armour_Placement_S13_B02
07f67540-9912-11e9-953a-0028f8be90af,Armour_Placement_S14_B02
07f67541-9912-11e9-8632-0028f8be90af,Armour_Placement_S15_B02
07f69c70-9912-11e9-bbfb-0028f8be90af,Armour_Placement_S16_B02
07f69c71-9912-11e9-b9aa-0028f8be90af,Armour_Placement_S17_B02
07f69c72-9912-11e9-a746-0028f8be90af,Armour_Placement_S18_B02
07f69c73-9912-11e9-828a-0028f8be90af,Armour_Placement_S19_B02
07f69c74-9912-11e9-b49f-0028f8be90af,Armour_Placement_S20_B02
07f69c75-9912-11e9-ba47-0028f8be90af,Levvel_Placement_S01_B01
07f69c76-9912-11e9-adb4-0028f8be90af,Levvel_Placement_S02_B01
07f849e2-9912-11e9-8c79-0028f8be90af,Levvel_Placement_S03_B01
07f849e3-9912-11e9-825c-0028f8be90af,Levvel_Placement_S04_B01
07f849e4-9912-11e9-a8f7-0028f8be90af,Levvel_Placement_S05_B01
07f849e5-9912-11e9-9329-0028f8be90af,Levvel_Placement_S06_B01
07f849e6-9912-11e9-8533-0028f8be90af,Levvel_Placement_S07_B01
07f849e7-9912-11e9-b4cd-0028f8be90af,Levvel_Placement_S08_B01
07f849e8-9912-11e9-8a71-0028f8be90af,Levvel_Placement_S09_B01
07f849e9-9912-11e9-8937-0028f8be90af,Levvel_Placement_S10_B01
07f849ea-9912-11e9-847c-0028f8be90af,Levvel_Placement_S11_B01
07f849eb-9912-11e9-a679-0028f8be90af,Levvel_Placement_S12_B01
07f849ec-9912-11e9-879b-0028f8be90af,Levvel_Placement_S13_B01
07f849ed-9912-11e9-bb91-0028f8be90af,Levvel_Placement_S14_B01
07f849ee-9912-11e9-b522-0028f8be90af,Levvel_Placement_S15_B01
07f870f4-9912-11e9-9c05-0028f8be90af,Levvel_Placement_S16_B01
07f870f5-9912-11e9-aa59-0028f8be90af,Levvel_Placement_S17_B01
07f870f6-9912-11e9-bbdd-0028f8be90af,Levvel_Placement_S18_B01
07f870f7-9912-11e9-a0b4-0028f8be90af,Levvel_Placement_S19_B01
07f870f8-9912-11e9-b2ef-0028f8be90af,Levvel_Placement_S20_B01
07f870f9-9912-11e9-b490-0028f8be90af,Levvel_Placement_S01_B02
07f870fa-9912-11e9-9cf4-0028f8be90af,Levvel_Placement_S02_B02
07f870fb-9912-11e9-a29e-0028f8be90af,Levvel_Placement_S03_B02
07f889dc-9912-11e9-ba46-0028f8be90af,Levvel_Placement_S04_B02
07f889dd-9912-11e9-9054-0028f8be90af,Levvel_Placement_S05_B02
07f89808-9912-11e9-920f-0028f8be90af,Levvel_Placement_S06_B02
07f89809-9912-11e9-b01e-0028f8be90af,Levvel_Placement_S07_B02
07f8980a-9912-11e9-8a19-0028f8be90af,Levvel_Placement_S08_B02
07f8e62e-9912-11e9-89ec-0028f8be90af,Levvel_Placement_S09_B02
07f8e62f-9912-11e9-a64c-0028f8be90af,Levvel_Placement_S10_B02
07f8e630-9912-11e9-b3da-0028f8be90af,Levvel_Placement_S11_B02
07f8e631-9912-11e9-a270-0028f8be90af,Levvel_Placement_S12_B02
07f8e632-9912-11e9-889f-0028f8be90af,Levvel_Placement_S13_B02
07f8e633-9912-11e9-9a66-0028f8be90af,Levvel_Placement_S14_B02
07f8e634-9912-11e9-9765-0028f8be90af,Levvel_Placement_S15_B02
07f8e635-9912-11e9-bf66-0028f8be90af,Levvel_Placement_S16_B02
07f90d64-9912-11e9-a059-0028f8be90af,Levvel_Placement_S17_B02
07f90d65-9912-11e9-9ae7-0028f8be90af,Levvel_Placement_S18_B02
07f90d66-9912-11e9-b44e-0028f8be90af,Levvel_Placement_S19_B02
07f90d67-9912-11e9-9745-0028f8be90af,Levvel_Placement_S20_B02
b97e1258-9913-11e9-8a88-0028f8be90af,Clay_Placement_S01_B01
b97e1259-9913-11e9-ba2a-0028f8be90af,Clay_Placement_S01_B02
b97e3946-9913-11e9-8704-0028f8be90af,Clay_Placement_S02_B01
b97e3947-9913-11e9-97f3-0028f8be90af,Clay_Placement_S02_B02
b97e3948-9913-11e9-8599-0028f8be90af,Clay_Placement_S03_B01
b97e3949-9913-11e9-b096-0028f8be90af,Clay_Placement_S03_B02
b97e394a-9913-11e9-ac6a-0028f8be90af,Clay_Placement_S04_B01
b97e394b-9913-11e9-992c-0028f8be90af,Clay_Placement_S04_B02
b97e394c-9913-11e9-97ea-0028f8be90af,Clay_Placement_S05_B01
b97e394d-9913-11e9-930b-0028f8be90af,Clay_Placement_S05_B02
b97e394e-9913-11e9-af8e-0028f8be90af,Clay_Placement_S06_B01
b97e394f-9913-11e9-8767-0028f8be90af,Clay_Placement_S06_B02
b97e3950-9913-11e9-abf8-0028f8be90af,Clay_Placement_S07_B01
b97e3951-9913-11e9-ab6e-0028f8be90af,Clay_Placement_S07_B02
b97e3952-9913-11e9-af80-0028f8be90af,Clay_Placement_S08_B01
b97e3953-9913-11e9-b48d-0028f8be90af,Clay_Placement_S08_B02
b97e3954-9913-11e9-a919-0028f8be90af,Clay_Placement_S09_B01
b97e6026-9913-11e9-895c-0028f8be90af,Clay_Placement_S09_B02
b97e6027-9913-11e9-80d9-0028f8be90af,Clay_Placement_S10_B01
b97e6028-9913-11e9-bd90-0028f8be90af,Clay_Placement_S10_B02
b97e6a98-9913-11e9-a31a-0028f8be90af,Clay_Placement_S11_B01
b97e6a99-9913-11e9-981b-0028f8be90af,Clay_Placement_S11_B02
b97e6a9a-9913-11e9-a164-0028f8be90af,Clay_Placement_S12_B01
b97e6a9b-9913-11e9-93bd-0028f8be90af,Clay_Placement_S12_B02
b97e6a9c-9913-11e9-9846-0028f8be90af,Clay_Placement_S13_B01
b97e6a9d-9913-11e9-a859-0028f8be90af,Clay_Placement_S13_B02
b97e6a9e-9913-11e9-a317-0028f8be90af,Clay_Placement_S14_B01
b97e6a9f-9913-11e9-bc88-0028f8be90af,Clay_Placement_S14_B02
b97e6aa0-9913-11e9-a0c9-0028f8be90af,Clay_Placement_S15_B01
b97e6aa1-9913-11e9-9ef2-0028f8be90af,Clay_Placement_S15_B02
b97e6aa2-9913-11e9-b1ba-0028f8be90af,Clay_Placement_S16_B01
b97e6aa3-9913-11e9-8785-0028f8be90af,Clay_Placement_S16_B02
b97e6aa4-9913-11e9-a1e5-0028f8be90af,Clay_Placement_S17_B01
b97e6aa5-9913-11e9-95d9-0028f8be90af,Clay_Placement_S17_B02
b97e6aa6-9913-11e9-b5d8-0028f8be90af,Clay_Placement_S18_B01
b97e8710-9913-11e9-9286-0028f8be90af,Clay_Placement_S18_B02
b97e8711-9913-11e9-a4fe-0028f8be90af,Clay_Placement_S19_B01
b97e8712-9913-11e9-9005-0028f8be90af,Clay_Placement_S19_B02
b97e8713-9913-11e9-a5ad-0028f8be90af,Clay_Placement_S20_B01
b97e8714-9913-11e9-9082-0028f8be90af,Clay_Placement_S20_B02
b980d10c-9913-11e9-a1d1-0028f8be90af,Sand_Placement_S01
b980d3dc-9913-11e9-8bb0-0028f8be90af,Sand_Placement_S02
b980d3dd-9913-11e9-a712-0028f8be90af,Sand_Placement_S03
b980d3de-9913-11e9-883e-0028f8be90af,Sand_Placement_S04
b980d3df-9913-11e9-a1e2-0028f8be90af,Sand_Placement_S05
b980d3e0-9913-11e9-9860-0028f8be90af,Sand_Placement_S06
b980d3e1-9913-11e9-b9f6-0028f8be90af,Sand_Placement_S07
b980d3e2-9913-11e9-9379-0028f8be90af,Sand_Placement_S08
b980d3e3-9913-11e9-85ce-0028f8be90af,Sand_Placement_S09
b980d3e4-9913-11e9-8738-0028f8be90af,Sand_Placement_S10
b980d3e5-9913-11e9-aa4c-0028f8be90af,Sand_Placement_S11
b980d3e6-9913-11e9-a9c7-0028f8be90af,Sand_Placement_S12
b980d3e7-9913-11e9-8a32-0028f8be90af,Sand_Placement_S13
b980d3e8-9913-11e9-9326-0028f8be90af,Sand_Placement_S14
b980d3e9-9913-11e9-ad9c-0028f8be90af,Sand_Placement_S15
b980d3ea-9913-11e9-a03a-0028f8be90af,Sand_Placement_S16
b980d3eb-9913-11e9-b239-0028f8be90af,Sand_Placement_S17
b980d3ec-9913-11e9-96ed-0028f8be90af,Sand_Placement_S18
b980d3ed-9913-11e9-8a7f-0028f8be90af,Sand_Placement_S19
b980f7f4-9913-11e9-a7fd-0028f8be90af,Sand_Placement_S20
b984c8ac-9913-11e9-913d-0028f8be90af,Armour_Placement_S01_B01
b984c8ad-9913-11e9-bff9-0028f8be90af,Armour_Placement_S02_B01
b984ef9a-9913-11e9-8e33-0028f8be90af,Armour_Placement_S03_B01
b984ef9b-9913-11e9-af84-0028f8be90af,Armour_Placement_S04_B01
b984ef9c-9913-11e9-9c0e-0028f8be90af,Armour_Placement_S05_B01
b984ef9d-9913-11e9-be72-0028f8be90af,Armour_Placement_S06_B01
b984ef9e-9913-11e9-b9a4-0028f8be90af,Armour_Placement_S07_B01
b984ef9f-9913-11e9-acbb-0028f8be90af,Armour_Placement_S08_B01
b984efa0-9913-11e9-b648-0028f8be90af,Armour_Placement_S09_B01
b984efa1-9913-11e9-ab6b-0028f8be90af,Armour_Placement_S10_B01
b984efa2-9913-11e9-9020-0028f8be90af,Armour_Placement_S11_B01
b984efa3-9913-11e9-b2e7-0028f8be90af,Armour_Placement_S12_B01
b984efa4-9913-11e9-b167-0028f8be90af,Armour_Placement_S13_B01
b984efa5-9913-11e9-abb2-0028f8be90af,Armour_Placement_S14_B01
b984efa6-9913-11e9-b801-0028f8be90af,Armour_Placement_S15_B01
b984efa7-9913-11e9-b843-0028f8be90af,Armour_Placement_S16_B01
b984efa8-9913-11e9-8792-0028f8be90af,Armour_Placement_S17_B01
b984efa9-9913-11e9-819d-0028f8be90af,Armour_Placement_S18_B01
b984efaa-9913-11e9-8ba2-0028f8be90af,Armour_Placement_S19_B01
b984efab-9913-11e9-af21-0028f8be90af,Armour_Placement_S20_B01
b984efac-9913-11e9-a570-0028f8be90af,Armour_Placement_S01_B02
b984efad-9913-11e9-854e-0028f8be90af,Armour_Placement_S02_B02
b984efae-9913-11e9-808b-0028f8be90af,Armour_Placement_S03_B02
b984efaf-9913-11e9-9bb3-0028f8be90af,Armour_Placement_S04_B02
b984efb0-9913-11e9-ade7-0028f8be90af,Armour_Placement_S05_B02
b984efb1-9913-11e9-9425-0028f8be90af,Armour_Placement_S06_B02
b984efb2-9913-11e9-b094-0028f8be90af,Armour_Placement_S07_B02
b984efb3-9913-11e9-92a4-0028f8be90af,Armour_Placement_S08_B02
b984efb4-9913-11e9-8239-0028f8be90af,Armour_Placement_S09_B02
b984efb5-9913-11e9-95d8-0028f8be90af,Armour_Placement_S10_B02
b984efb6-9913-11e9-b9d0-0028f8be90af,Armour_Placement_S11_B02
b984efb7-9913-11e9-bb18-0028f8be90af,Armour_Placement_S12_B02
b984efb8-9913-11e9-8810-0028f8be90af,Armour_Placement_S13_B02
b984efb9-9913-11e9-a965-0028f8be90af,Armour_Placement_S14_B02
b984efba-9913-11e9-8f37-0028f8be90af,Armour_Placement_S15_B02
b984efbb-9913-11e9-80aa-0028f8be90af,Armour_Placement_S16_B02
b984efbc-9913-11e9-b7e7-0028f8be90af,Armour_Placement_S17_B02
b984efbd-9913-11e9-adf2-0028f8be90af,Armour_Placement_S18_B02
b9851688-9913-11e9-ad83-0028f8be90af,Armour_Placement_S19_B02
b9851689-9913-11e9-bae8-0028f8be90af,Armour_Placement_S20_B02
b985168a-9913-11e9-b554-0028f8be90af,Levvel_Placement_S01_B01
b985168b-9913-11e9-aca3-0028f8be90af,Levvel_Placement_S02_B01
b985168c-9913-11e9-8e05-0028f8be90af,Levvel_Placement_S03_B01
b985168d-9913-11e9-9886-0028f8be90af,Levvel_Placement_S04_B01
b985168e-9913-11e9-a4f2-0028f8be90af,Levvel_Placement_S05_B01
b985168f-9913-11e9-ad1e-0028f8be90af,Levvel_Placement_S06_B01
b9851690-9913-11e9-84f3-0028f8be90af,Levvel_Placement_S07_B01
b9851691-9913-11e9-ad0b-0028f8be90af,Levvel_Placement_S08_B01
b9851692-9913-11e9-bfdf-0028f8be90af,Levvel_Placement_S09_B01
b9851693-9913-11e9-8adc-0028f8be90af,Levvel_Placement_S10_B01
b9851694-9913-11e9-8526-0028f8be90af,Levvel_Placement_S11_B01
b9851695-9913-11e9-ac4e-0028f8be90af,Levvel_Placement_S12_B01
b9851696-9913-11e9-a207-0028f8be90af,Levvel_Placement_S13_B01
b9851697-9913-11e9-b5bf-0028f8be90af,Levvel_Placement_S14_B01
b9851698-9913-11e9-a7fd-0028f8be90af,Levvel_Placement_S15_B01
b9851699-9913-11e9-9cdb-0028f8be90af,Levvel_Placement_S16_B01
b9853dda-9913-11e9-afa5-0028f8be90af,Levvel_Placement_S17_B01
b9854000-9913-11e9-bc94-0028f8be90af,Levvel_Placement_S18_B01
b9854001-9913-11e9-a865-0028f8be90af,Levvel_Placement_S19_B01
b9854002-9913-11e9-a56e-0028f8be90af,Levvel_Placement_S20_B01
b9854003-9913-11e9-9557-0028f8be90af,Levvel_Placement_S01_B02
b9854004-9913-11e9-81c9-0028f8be90af,Levvel_Placement_S02_B02
b9854005-9913-11e9-becb-0028f8be90af,Levvel_Placement_S03_B02
b9854006-9913-11e9-9f7b-0028f8be90af,Levvel_Placement_S04_B02
b9854007-9913-11e9-a04a-0028f8be90af,Levvel_Placement_S05_B02
b9854008-9913-11e9-9270-0028f8be90af,Levvel_Placement_S06_B02
b985705a-9913-11e9-b961-0028f8be90af,Levvel_Placement_S07_B02
b985705b-9913-11e9-b256-0028f8be90af,Levvel_Placement_S08_B02
b985705c-9913-11e9-8c13-0028f8be90af,Levvel_Placement_S09_B02
b9858bd8-9913-11e9-8b12-0028f8be90af,Levvel_Placement_S10_B02
b9858bd9-9913-11e9-bfcd-0028f8be90af,Levvel_Placement_S11_B02
b985915e-9913-11e9-b554-0028f8be90af,Levvel_Placement_S12_B02
b985915f-9913-11e9-adbb-0028f8be90af,Levvel_Placement_S13_B02
b9859160-9913-11e9-b80a-0028f8be90af,Levvel_Placement_S14_B02
b9859161-9913-11e9-ae91-0028f8be90af,Levvel_Placement_S15_B02
b9859162-9913-11e9-8701-0028f8be90af,Levvel_Placement_S16_B02
b9859163-9913-11e9-b1e5-0028f8be90af,Levvel_Placement_S17_B02
b9859164-9913-11e9-98f7-0028f8be90af,Levvel_Placement_S18_B02
b9859165-9913-11e9-84ed-0028f8be90af,Levvel_Placement_S19_B02
b9859166-9913-11e9-8d13-0028f8be90af,Levvel_Placement_S20_B02
e1965338-9960-11e9-bc34-0028f8be90af,Clay_Placement_S01_B01
e1965339-9960-11e9-b933-0028f8be90af,Clay_Placement_S01_B02
e196533a-9960-11e9-a9b1-0028f8be90af,Clay_Placement_S02_B01
e196533b-9960-11e9-bc66-0028f8be90af,Clay_Placement_S02_B02
e196533c-9960-11e9-bb22-0028f8be90af,Clay_Placement_S03_B01
e196533d-9960-11e9-ad0d-0028f8be90af,Clay_Placement_S03_B02
e196533e-9960-11e9-be1d-0028f8be90af,Clay_Placement_S04_B01
e196533f-9960-11e9-a30b-0028f8be90af,Clay_Placement_S04_B02
e1965340-9960-11e9-9b3b-0028f8be90af,Clay_Placement_S05_B01
e1965341-9960-11e9-a164-0028f8be90af,Clay_Placement_S05_B02
e1965342-9960-11e9-8050-0028f8be90af,Clay_Placement_S06_B01
e1965343-9960-11e9-a6f7-0028f8be90af,Clay_Placement_S06_B02
e1965344-9960-11e9-8731-0028f8be90af,Clay_Placement_S07_B01
e1965345-9960-11e9-8d3d-0028f8be90af,Clay_Placement_S07_B02
e1965346-9960-11e9-aff4-0028f8be90af,Clay_Placement_S08_B01
e1967a3e-9960-11e9-93a8-0028f8be90af,Clay_Placement_S08_B02
e1967a3f-9960-11e9-b513-0028f8be90af,Clay_Placement_S09_B01
e1967a40-9960-11e9-9b32-0028f8be90af,Clay_Placement_S09_B02
e1967a41-9960-11e9-b458-0028f8be90af,Clay_Placement_S10_B01
e1967a42-9960-11e9-bc85-0028f8be90af,Clay_Placement_S10_B02
e1967a43-9960-11e9-b86f-0028f8be90af,Clay_Placement_S11_B01
e1967a44-9960-11e9-a1b9-0028f8be90af,Clay_Placement_S11_B02
e1967a45-9960-11e9-8f79-0028f8be90af,Clay_Placement_S12_B01
e1967a46-9960-11e9-9db2-0028f8be90af,Clay_Placement_S12_B02
e1967a47-9960-11e9-8ee6-0028f8be90af,Clay_Placement_S13_B01
e1967a48-9960-11e9-8819-0028f8be90af,Clay_Placement_S13_B02
e1967a49-9960-11e9-a215-0028f8be90af,Clay_Placement_S14_B01
e1967a4a-9960-11e9-ad07-0028f8be90af,Clay_Placement_S14_B02
e1967a4b-9960-11e9-be86-0028f8be90af,Clay_Placement_S15_B01
e1967a4c-9960-11e9-83cb-0028f8be90af,Clay_Placement_S15_B02
e1967a4d-9960-11e9-aeaf-0028f8be90af,Clay_Placement_S16_B01
e1967a4e-9960-11e9-a939-0028f8be90af,Clay_Placement_S16_B02
e1967a4f-9960-11e9-a483-0028f8be90af,Clay_Placement_S17_B01
e1967a50-9960-11e9-92da-0028f8be90af,Clay_Placement_S17_B02
e1967a51-9960-11e9-b2a7-0028f8be90af,Clay_Placement_S18_B01
e1967a52-9960-11e9-b9df-0028f8be90af,Clay_Placement_S18_B02
e1967a53-9960-11e9-bde1-0028f8be90af,Clay_Placement_S19_B01
e1967a54-9960-11e9-bfac-0028f8be90af,Clay_Placement_S19_B02
e1967a55-9960-11e9-8d52-0028f8be90af,Clay_Placement_S20_B01
e1967a56-9960-11e9-a6f4-0028f8be90af,Clay_Placement_S20_B02
e1985ce8-9960-11e9-926b-0028f8be90af,Sand_Placement_S01
e1985ce9-9960-11e9-9189-0028f8be90af,Sand_Placement_S02
e1987600-9960-11e9-898a-0028f8be90af,Sand_Placement_S03
e1987601-9960-11e9-a89d-0028f8be90af,Sand_Placement_S04
e1987602-9960-11e9-bcaf-0028f8be90af,Sand_Placement_S05
e1987603-9960-11e9-b391-0028f8be90af,Sand_Placement_S06
e1987604-9960-11e9-88e7-0028f8be90af,Sand_Placement_S07
e1987605-9960-11e9-ba72-0028f8be90af,Sand_Placement_S08
e1987606-9960-11e9-bd31-0028f8be90af,Sand_Placement_S09
e1987607-9960-11e9-8e3e-0028f8be90af,Sand_Placement_S10
e1987608-9960-11e9-8efc-0028f8be90af,Sand_Placement_S11
e198893e-9960-11e9-817d-0028f8be90af,Sand_Placement_S12
e198893f-9960-11e9-b637-0028f8be90af,Sand_Placement_S13
e1988940-9960-11e9-a2ee-0028f8be90af,Sand_Placement_S14
e1988941-9960-11e9-96b0-0028f8be90af,Sand_Placement_S15
e1988942-9960-11e9-9740-0028f8be90af,Sand_Placement_S16
e1988943-9960-11e9-85cf-0028f8be90af,Sand_Placement_S17
e1988944-9960-11e9-9e2d-0028f8be90af,Sand_Placement_S18
e1989d52-9960-11e9-b352-0028f8be90af,Sand_Placement_S19
e1989d53-9960-11e9-b8c8-0028f8be90af,Sand_Placement_S20
e19baa62-9960-11e9-9a52-0028f8be90af,Armour_Placement_S01_B01
e19baa63-9960-11e9-b8a0-0028f8be90af,Armour_Placement_S02_B01
e19baa64-9960-11e9-a714-0028f8be90af,Armour_Placement_S03_B01
e19baa65-9960-11e9-bc7c-0028f8be90af,Armour_Placement_S04_B01
e19baa66-9960-11e9-b134-0028f8be90af,Armour_Placement_S05_B01
e19baa67-9960-11e9-b492-0028f8be90af,Armour_Placement_S06_B01
e19baa68-9960-11e9-aaba-0028f8be90af,Armour_Placement_S07_B01
e19baa69-9960-11e9-b0c2-0028f8be90af,Armour_Placement_S08_B01
e19baa6a-9960-11e9-ab10-0028f8be90af,Armour_Placement_S09_B01
e19baa6b-9960-11e9-9842-0028f8be90af,Armour_Placement_S10_B01
e19baa6c-9960-11e9-bc15-0028f8be90af,Armour_Placement_S11_B01
e19baa6d-9960-11e9-a821-0028f8be90af,Armour_Placement_S12_B01
e19baa6e-9960-11e9-b975-0028f8be90af,Armour_Placement_S13_B01
e19baa6f-9960-11e9-b086-0028f8be90af,Armour_Placement_S14_B01
e19baa70-9960-11e9-b7e3-0028f8be90af,Armour_Placement_S15_B01
e19baa71-9960-11e9-a667-0028f8be90af,Armour_Placement_S16_B01
e19baa72-9960-11e9-9aeb-0028f8be90af,Armour_Placement_S17_B01
e19baa73-9960-11e9-ba3e-0028f8be90af,Armour_Placement_S18_B01
e19baa74-9960-11e9-9c0a-0028f8be90af,Armour_Placement_S19_B01
e19baa75-9960-11e9-aa09-0028f8be90af,Armour_Placement_S20_B01
e19baa76-9960-11e9-b7bc-0028f8be90af,Armour_Placement_S01_B02
e19baa77-9960-11e9-83d1-0028f8be90af,Armour_Placement_S02_B02
e19baa78-9960-11e9-bb11-0028f8be90af,Armour_Placement_S03_B02
e19baa79-9960-11e9-b412-0028f8be90af,Armour_Placement_S04_B02
e19baa7a-9960-11e9-9851-0028f8be90af,Armour_Placement_S05_B02
e19baa7b-9960-11e9-aae0-0028f8be90af,Armour_Placement_S06_B02
e19baa7c-9960-11e9-81ff-0028f8be90af,Armour_Placement_S07_B02
e19baa7d-9960-11e9-81f3-0028f8be90af,Armour_Placement_S08_B02
e19bd162-9960-11e9-9a1d-0028f8be90af,Armour_Placement_S09_B02
e19bd163-9960-11e9-8c8e-0028f8be90af,Armour_Placement_S10_B02
e19bd164-9960-11e9-b235-0028f8be90af,Armour_Placement_S11_B02
e19bd165-9960-11e9-b14a-0028f8be90af,Armour_Placement_S12_B02
e19bd166-9960-11e9-bdb7-0028f8be90af,Armour_Placement_S13_B02
e19bd167-9960-11e9-83d7-0028f8be90af,Armour_Placement_S14_B02
e19bd168-9960-11e9-831e-0028f8be90af,Armour_Placement_S15_B02
e19bd169-9960-11e9-acac-0028f8be90af,Armour_Placement_S16_B02
e19bd16a-9960-11e9-8c61-0028f8be90af,Armour_Placement_S17_B02
e19bd16b-9960-11e9-b0d4-0028f8be90af,Armour_Placement_S18_B02
e19bd16c-9960-11e9-a0f7-0028f8be90af,Armour_Placement_S19_B02
e19bd16d-9960-11e9-9295-0028f8be90af,Armour_Placement_S20_B02
e19bd16e-9960-11e9-bdba-0028f8be90af,Levvel_Placement_S01_B01
e19bd16f-9960-11e9-8568-0028f8be90af,Levvel_Placement_S02_B01
e19bd170-9960-11e9-9331-0028f8be90af,Levvel_Placement_S03_B01
e19bd171-9960-11e9-8ffe-0028f8be90af,Levvel_Placement_S04_B01
e19bd172-9960-11e9-9bd3-0028f8be90af,Levvel_Placement_S05_B01
e19bf876-9960-11e9-9387-0028f8be90af,Levvel_Placement_S06_B01
e19bf877-9960-11e9-9061-0028f8be90af,Levvel_Placement_S07_B01
e19bf878-9960-11e9-aad0-0028f8be90af,Levvel_Placement_S08_B01
e19bf879-9960-11e9-b591-0028f8be90af,Levvel_Placement_S09_B01
e19bf87a-9960-11e9-91d7-0028f8be90af,Levvel_Placement_S10_B01
e19bf87b-9960-11e9-8c75-0028f8be90af,Levvel_Placement_S11_B01
e19c1586-9960-11e9-a2b9-0028f8be90af,Levvel_Placement_S12_B01
e19c1f82-9960-11e9-84c6-0028f8be90af,Levvel_Placement_S13_B01
e19c1f83-9960-11e9-b7e5-0028f8be90af,Levvel_Placement_S14_B01
e19c1f84-9960-11e9-895f-0028f8be90af,Levvel_Placement_S15_B01
e19c1f85-9960-11e9-89b4-0028f8be90af,Levvel_Placement_S16_B01
e19c1f86-9960-11e9-9d08-0028f8be90af,Levvel_Placement_S17_B01
e19c1f87-9960-11e9-a6c3-0028f8be90af,Levvel_Placement_S18_B01
e19c1f88-9960-11e9-9843-0028f8be90af,Levvel_Placement_S19_B01
e19c1f89-9960-11e9-a81d-0028f8be90af,Levvel_Placement_S20_B01
e19c1f8a-9960-11e9-8096-0028f8be90af,Levvel_Placement_S01_B02
e19c1f8b-9960-11e9-9446-0028f8be90af,Levvel_Placement_S02_B02
e19c1f8c-9960-11e9-af6e-0028f8be90af,Levvel_Placement_S03_B02
e19c1f8d-9960-11e9-a775-0028f8be90af,Levvel_Placement_S04_B02
e19c1f8e-9960-11e9-8614-0028f8be90af,Levvel_Placement_S05_B02
e19c1f8f-9960-11e9-8069-0028f8be90af,Levvel_Placement_S06_B02
e19c1f90-9960-11e9-9922-0028f8be90af,Levvel_Placement_S07_B02
e19c1f91-9960-11e9-aad3-0028f8be90af,Levvel_Placement_S08_B02
e19c4682-9960-11e9-a5fc-0028f8be90af,Levvel_Placement_S09_B02
e19c4936-9960-11e9-9bfe-0028f8be90af,Levvel_Placement_S10_B02
e19c4937-9960-11e9-87f2-0028f8be90af,Levvel_Placement_S11_B02
e19c4938-9960-11e9-82a4-0028f8be90af,Levvel_Placement_S12_B02
e19c4939-9960-11e9-8581-0028f8be90af,Levvel_Placement_S13_B02
e19c493a-9960-11e9-af94-0028f8be90af,Levvel_Placement_S14_B02
e19c5a1e-9960-11e9-b427-0028f8be90af,Levvel_Placement_S15_B02
e19c5a1f-9960-11e9-bfe4-0028f8be90af,Levvel_Placement_S16_B02
e19c5a20-9960-11e9-b598-0028f8be90af,Levvel_Placement_S17_B02
e19c5a21-9960-11e9-90cf-0028f8be90af,Levvel_Placement_S18_B02
e19c5a22-9960-11e9-a5f1-0028f8be90af,Levvel_Placement_S19_B02
e19c5a23-9960-11e9-9b8a-0028f8be90af,Levvel_Placement_S20_B02
17dd2994-9961-11e9-b6c1-0028f8be90af,Soil movement
6dbbbdf7-4589-11e9-bf3b-b469212bff5b,Soil movement
